market_id,event_id,strict_sensitivity
1.258760105,35668663,True
1.258760176,35668653,True
1.258760192,35668668,True
1.258760259,35668658,True
1.258760260,35668678,True
1.258760286,35668673,True
1.258760346,35668688,True
1.258760357,35668712,True
1.258760417,35668683,True
1.258760477,35668698,True
1.258760500,35668722,True
1.258760555,35668693,True
1.258760695,35668717,True
1.258760719,35668727,True
1.258760768,35668808,True
1.258760792,35668752,True
1.258760846,35668732,True
1.258761124,35668818,True
1.258761198,35668737,True
1.258761224,35668778,True
1.258761278,35668742,True
1.258761340,35668803,True
1.258761357,35668747,True
1.258761413,35668813,True
1.258761493,35668773,True
1.258761561,35668783,True
1.258761578,35668788,True
1.258761642,35668793,True
1.258761666,35668798,True
1.258762087,35668828,True
1.258762088,35668833,True
1.258762144,35668843,True
1.258762154,35668838,True
1.258762172,35668863,True
1.258762228,35668858,True
1.258762237,35668873,True
1.258762238,35668848,True
1.258762313,35668878,True
1.258762320,35668853,True
1.258762400,35668868,True
1.258762560,35668886,True
1.258762561,35668891,True
1.258762583,35668901,True
1.258762614,35668906,True
1.258762619,35668896,True
1.258762638,35668921,True
1.258762698,35668911,True
1.258762704,35668926,True
1.258762784,35668916,True
1.258762788,35668931,True
1.258762864,35668936,True
1.258770969,35670046,True
1.258770970,35670051,True
1.258770971,35670056,True
1.258771006,35670061,True
1.258771012,35670071,True
1.258771026,35670081,True
1.258771094,35670066,True
1.258771110,35670086,True
1.258771178,35670076,True
1.258771195,35670091,True
1.258774762,35670723,True
1.258774763,35670728,True
1.258774944,35670733,True
1.258774945,35670743,True
1.258774946,35670748,True
1.258775276,35670738,True
1.258775546,35670761,True
1.258775559,35670766,True
1.258775560,35670771,True
1.258775978,35670787,True
1.258776096,35670823,True
1.258776097,35670828,True
1.258776186,35670835,True
1.258776210,35670845,True
1.258776227,35670840,True
1.258776401,35670870,True
1.258776444,35670875,True
1.258776525,35670889,True
1.258776803,35670937,True
1.258776931,35670946,True
1.258777215,35670970,True
1.258777237,35670960,True
1.258777243,35670965,True
1.258777408,35670995,True
1.258777850,35671041,True
1.258777853,35671056,True
1.258777855,35671051,True
1.258777896,35671046,True
1.258778121,35671073,True
1.258778928,35671373,True
1.258778984,35671527,True
1.258778985,35671522,True
1.258779162,35671532,True
1.258779368,35671543,True
1.258779411,35671553,True
1.258779500,35671558,True
1.258779667,35671565,True
1.258779668,35671575,True
1.258779674,35671580,True
1.258779934,35671570,True
1.258779936,35671590,True
1.258779937,35671615,True
1.258780262,35671585,True
1.258780266,35671610,True
1.258780510,35671595,True
1.258780670,35671600,True
1.258780837,35671605,True
1.258781085,35671633,True
1.258781288,35671729,True
1.258781663,35671925,True
1.258781664,35671930,True
1.258781676,35671935,True
1.258781955,35671940,True
1.258782593,35672129,True
1.258782596,35672134,True
1.258782831,35672154,True
1.258783097,35672164,True
1.258783140,35672175,True
1.258783176,35672180,True
1.258783338,35672190,True
1.258783339,35672185,True
1.258783362,35672195,True
1.258783505,35672219,True
1.258787374,35672751,True
1.258788960,35672871,True
1.258788964,35672876,True
1.258790612,35672925,True
1.258800057,35673478,True
1.258800058,35673483,True
1.258800095,35673488,True
1.258801643,35673705,True
1.258807275,35673759,True
1.258807278,35673764,True
1.258807325,35673779,True
1.258807331,35673769,True
1.258807415,35673774,True
1.258807441,35673784,True
1.258808324,35674443,True
1.258808326,35674448,True
1.258808420,35674453,True
1.258808742,35674468,True
1.258808743,35674473,True
1.258808798,35674483,True
1.258808803,35674478,True
1.258809024,35674521,True
1.258809028,35674531,True
1.258809032,35674536,True
1.258809084,35674526,True
1.258809104,35674541,True
1.258809166,35674551,True
1.258809189,35674546,True
1.258809449,35674575,True
1.258810237,35674625,True
1.258811789,35674693,True
1.258812688,35675127,True
1.258812756,35675150,True
1.258812757,35675140,True
1.258812759,35675165,True
1.258812847,35675145,True
1.258812851,35675160,True
1.258813243,35675155,True
1.258813244,35675180,True
1.258813497,35675170,True
1.258813498,35675185,True
1.258813751,35675190,True
1.258813752,35675175,True
1.258814198,35675203,True
1.258814355,35675214,True
1.258814507,35675282,True
1.258814508,35675272,True
1.258814509,35675267,True
1.258814549,35675277,True
1.258814561,35675297,True
1.258814574,35675307,True
1.258814637,35675287,True
1.258814718,35675292,True
1.258814797,35675302,True
1.258814868,35675312,True
1.258814958,35675355,True
1.258814960,35675360,True
1.258814970,35675370,True
1.258815012,35675365,True
1.258815024,35675385,True
1.258815036,35675380,True
1.258815099,35675375,True
1.258815512,35675399,True
1.258815908,35675409,True
1.258816725,35675459,True
1.258816985,35675259,False
1.258816986,35675260,False
1.258816987,35675261,False
1.258816988,35675262,False
1.258816989,35675390,False
1.258817093,35675490,True
1.258818346,35675518,False
1.258818347,35675519,False
1.258818354,35675638,True
1.258818486,35675596,False
1.258818487,35675598,False
1.258818488,35675595,False
1.258818491,35675597,False
1.258818492,35675594,False
1.258818493,35675581,False
1.258822463,35675804,True
1.258826917,35676545,False
1.258826918,35676070,False
1.258826919,35676454,False
1.258826920,35676016,False
1.258826921,35676017,False
1.258826922,35676018,False
1.258826926,35676019,False
1.258828882,35676864,True
1.258830149,35676984,True
1.258830432,35677038,True
1.258830717,35677072,True
1.258830851,35677100,True
1.258830870,35677105,True
1.258830937,35677110,True
1.258831229,35677171,True
1.258831274,35677771,True
1.258831539,35677975,True
1.258832129,35677996,True
1.258832257,35678004,True
1.258832300,35675961,False
1.258832302,35675962,False
1.258832306,35677050,False
1.258832307,35677054,False
1.258832308,35677055,False
1.258832309,35677058,False
1.258832310,35677059,False
1.258832311,35677061,False
1.258832312,35677062,False
1.258832313,35677063,False
1.258832314,35677064,False
1.258832568,35678025,True
1.258832623,35678042,True
1.258832751,35678063,True
1.258832794,35678058,True
1.258832853,35678084,True
1.258832856,35678090,True
1.258834739,35678124,True
1.258834869,35678144,True
1.258834970,35678168,True
1.258835013,35678173,True
1.258835176,35678209,True
1.258835247,35678204,True
1.258836715,35678309,True
1.258836734,35678314,True
1.258836916,35678353,True
1.258838655,35678633,True
1.258840214,35678741,True
1.258840266,35678758,True
1.258840500,35679061,True
1.258840510,35679066,True
1.258840640,35679085,True
1.258840821,35679160,True
1.258840890,35679187,True
1.258840891,35679182,True
1.258841068,35679197,True
1.258841069,35679192,True
1.258841681,35679308,True
1.258841747,35679336,True
1.258842097,35679359,True
1.258842227,35679367,True
1.258842278,35679377,True
1.258842323,35679386,True
1.258843121,35679428,True
1.258843332,35679438,True
1.258843378,35679704,True
1.258843506,35679715,True
1.258843556,35679762,True
1.258843599,35679767,True
1.258843769,35679994,True
1.258844341,35679721,False
1.258844562,35679374,False
1.258844673,35679206,False
1.258844788,35679205,False
1.258844789,35679723,False
1.258844882,35679445,False
1.258844883,35679409,False
1.258844884,35679375,False
1.258846555,35680073,True
1.258848015,35680057,False
1.258848016,35680107,False
1.258848017,35680109,False
1.258848018,35680058,False
1.258848129,35680110,False
1.258848130,35680059,False
1.258848131,35680108,False
1.258848132,35680060,False
1.258848983,35680153,True
1.258849186,35680161,True
1.258854145,35680390,False
1.258854157,35680386,False
1.258854168,35680355,False
1.258854169,35680925,False
1.258854170,35680926,False
1.258854281,35680920,False
1.258854282,35680345,False
1.258854283,35680389,False
1.258854284,35680921,False
1.258854285,35680385,False
1.258854286,35680924,False
1.258854287,35680900,False
1.258854288,35680972,False
1.258854289,35680910,False
1.258865579,35682005,True
1.258866483,35682026,True
1.258867406,35682091,True
1.258867451,35682102,True
1.258868336,35682170,True
1.258868513,35682182,True
1.258868859,35682200,True
1.258869252,35682214,True
1.258870115,35682295,True
1.258870162,35682302,True
1.258870460,35682344,True
1.258871429,35682431,True
1.258871694,35682703,True
1.258871733,35682708,True
1.258871828,35682763,True
1.258871924,35682786,True
1.258872255,35682842,True
1.258873796,35682945,True
1.258873806,35682940,True
1.258873825,35682950,True
1.258873842,35682955,True
1.258873908,35682960,True
1.258873925,35682970,True
1.258873991,35682965,True
1.258875141,35683071,True
1.258875292,35683241,True
1.258875439,35683298,True
1.258875642,35683307,True
1.258875803,35682981,False
1.258875804,35682982,False
1.258875805,35683035,False
1.258875806,35683037,False
1.258875807,35683043,False
1.258875808,35683046,False
1.258875809,35683233,False
1.258875810,35683239,False
1.258876033,35682119,False
1.258876034,35682144,False
1.258876035,35682146,False
1.258876036,35682149,False
1.258876037,35682151,False
1.258876038,35682153,False
1.258876039,35682154,False
1.258876040,35682161,False
1.258876936,35683348,True
1.258876964,35683354,True
1.258878204,35683381,True
1.258878270,35683418,True
1.258878315,35683455,True
1.258878621,35683538,True
1.258883943,35683616,True
1.258884890,35683360,False
1.258884892,35683426,False
1.258884893,35683408,False
1.258884895,35683370,False
1.258884932,35683359,False
1.258886232,35684168,False
1.258886233,35684138,False
1.258886234,35684163,False
1.258886667,35684311,False
1.258886668,35684320,False
1.258886669,35684312,False
1.258886670,35684317,False
1.258886679,35684308,False
1.258886889,35684313,False
1.258886890,35684316,False
1.258888924,35684545,True
1.258889722,35684626,True
1.258891598,35684837,True
1.258892220,35685093,True
1.258892266,35685110,True
1.258892351,35685122,True
1.258894279,35685196,True
1.258894441,35685208,True
1.258894794,35685222,True
1.258895031,35685238,True
1.258895161,35685246,True
1.258896019,35685313,True
1.258896108,35685318,True
1.258896780,35685376,True
1.258897290,35685436,True
1.258897728,35685892,True
1.258897881,35685899,True
1.258898826,35686034,True
1.258899282,35686219,True
1.258899410,35686227,True
1.258900013,35686595,True
1.258900910,35686638,True
1.258901444,35686674,True
1.258901842,35686704,True
1.258901887,35686723,True
1.258901924,35686729,True
1.258902114,35686748,True
1.258902829,35686795,True
1.258902959,35686806,True
1.258905571,35686907,True
1.258905773,35686963,True
1.258905816,35686968,True
1.258907371,35686900,False
1.258907372,35686899,False
1.258907373,35686901,False
1.258907374,35686898,False
1.258907484,35687139,True
1.258908528,35687191,True
1.258911320,35687177,False
1.258911321,35687178,False
1.258911322,35687179,False
1.258911323,35687180,False
1.258918904,35687966,False
1.258918905,35687967,False
1.258918906,35687968,False
1.258918907,35687969,False
1.258918910,35688007,False
1.258918911,35688008,False
1.258918912,35688009,False
1.258918913,35688010,False
1.258918922,35688271,True
1.258920333,35688752,True
1.258920360,35688757,True
1.258921390,35688881,True
1.258921874,35688909,True
1.258921883,35688921,True
1.258921927,35688916,True
1.258921947,35688926,True
1.258922002,35688931,True
1.258922022,35688936,True
1.258922078,35688941,True
1.258922105,35688951,True
1.258922163,35688946,True
1.258922747,35689035,True
1.258924446,35689433,True
1.258924448,35689443,True
1.258924480,35689448,True
1.258924501,35689438,True
1.258924550,35689428,True
1.258924565,35689463,True
1.258924633,35689453,True
1.258924651,35689468,True
1.258924718,35689458,True
1.258924733,35689478,True
1.258924800,35689473,True
1.258924878,35689483,True
1.258924962,35689502,True
1.258925146,35689520,True
1.258925459,35689564,True
1.258925496,35689569,True
1.258925519,35689574,True
1.258925549,35689585,True
1.258925591,35689579,True
1.258925628,35689590,True
1.258925669,35689595,True
1.258925706,35689600,True
1.258926324,35689638,True
1.258926373,35689647,True
1.258926623,35689660,True
1.258926830,35689678,True
1.258926831,35689673,True
1.258926835,35689703,True
1.258926865,35689688,True
1.258926871,35689683,True
1.258926911,35689708,True
1.258926955,35689693,True
1.258927033,35689698,True
1.258927965,35689787,True
1.258928097,35689793,True
1.258928509,35689874,True
1.258930347,35690194,True
1.258930849,35690222,True
1.258931985,35690341,True
1.258932320,35689421,False
1.258932321,35689584,False
1.258932322,35690219,False
1.258932323,35690218,False
1.258932324,35688449,False
1.258932325,35688521,False
1.258932548,35690389,True
1.258933373,35690434,False
1.258933374,35690537,True
1.258936877,35690542,False
1.258943770,35691499,True
1.258944534,35691553,True
1.258944638,35691595,True
1.258944709,35691628,True
1.258944742,35691633,True
1.258944965,35691647,True
1.258944966,35691642,True
1.258944967,35691657,True
1.258945232,35691652,True
1.258945233,35691677,True
1.258945234,35691687,True
1.258945561,35691662,True
1.258945720,35691667,True
1.258945884,35691672,True
1.258946105,35691682,True
1.258946236,35691694,True
1.258946350,35691739,True
1.258946426,35691757,True
1.258946576,35691769,True
1.258946577,35691774,True
1.258946754,35691779,True
1.258946903,35691784,True
1.258947049,35691789,True
1.258947275,35691811,True
1.258947440,35691844,True
1.258947441,35691828,True
1.258947449,35691834,True
1.258947623,35691849,True
1.258947659,35691864,True
1.258947678,35691839,True
1.258947952,35691854,True
1.258948141,35691859,True
1.258948304,35691869,True
1.258948656,35691909,True
1.258948658,35691925,True
1.258948775,35691930,True
1.258948779,35691914,True
1.258948797,35691940,True
1.258949023,35691935,True
1.258949028,35691920,True
1.258949187,35691950,True
1.258949195,35691945,True
1.258949524,35691955,True
1.258950651,35692227,True
1.258950652,35692222,True
1.258950709,35692232,True
1.258950710,35692237,True
1.258951457,35692471,True
1.258952639,35692682,True
1.258954107,35693043,True
1.258954108,35693058,True
1.258954109,35693048,True
1.258954154,35693053,True
1.258954159,35693068,True
1.258954160,35693073,True
1.258954241,35693063,True
1.258954247,35693078,True
1.258954329,35693083,True
1.258954403,35693088,True
1.258954537,35693099,True
1.258954539,35693104,True
1.258954651,35693122,True
1.258954652,35693117,True
1.258954654,35693127,True
1.258954706,35693137,True
1.258954717,35693132,True
1.258954745,35693147,True
1.258954793,35693152,True
1.258954803,35693142,True
1.258954875,35693157,True
1.258955111,35693214,True
1.258955113,35693220,True
1.258955127,35693209,True
1.258955160,35693225,True
1.258955196,35693240,True
1.258955210,35693235,True
1.258955247,35693230,True
1.258955256,35693245,True
1.258955332,35693250,True
1.258955336,35693260,True
1.258955409,35693255,True
1.258955584,35693269,True
1.258955714,35693480,True
1.258955761,35693499,True
1.258955763,35693504,True
1.258955790,35693509,True
1.258955834,35693514,True
1.258955863,35693545,True
1.258955867,35693550,True
1.258955901,35693519,True
1.258955944,35693560,True
1.258955947,35693555,True
1.258955986,35693525,True
1.258956034,35693565,True
1.258956065,35693530,True
1.258956116,35693575,True
1.258956147,35693535,True
1.258956226,35693540,True
1.258956378,35693570,True
1.258956449,35693580,True
1.258956453,35693595,True
1.258956454,35693590,True
1.258956503,35693585,True
1.258956518,35693605,True
1.258956525,35693600,True
1.258956589,35693620,True
1.258956602,35693651,True
1.258956609,35693610,True
1.258956674,35693630,True
1.258956689,35693656,True
1.258956691,35693615,True
1.258956760,35693635,True
1.258956772,35693687,True
1.258956776,35693625,True
1.258956844,35693641,True
1.258956861,35693692,True
1.258956872,35693661,True
1.258956930,35693646,True
1.258956950,35693666,True
1.258957013,35693671,True
1.258957066,35693676,True
1.258957113,35693681,True
1.258957450,35693722,True
1.258957454,35693717,True
1.258957562,35693759,True
1.258957563,35693764,True
1.258957566,35693774,True
1.258957614,35693779,True
1.258957621,35693769,True
1.258957635,35693789,True
1.258957700,35693794,True
1.258957711,35693784,True
1.258957722,35693799,True
1.258957793,35693804,True
1.258958540,35693833,True
1.258958916,35693852,True
1.258958924,35693857,True
1.258959176,35693867,True
1.258959177,35693877,True
1.258959178,35693887,True
1.258959443,35693872,True
1.258959444,35693897,True
1.258959686,35693882,True
1.258959843,35693892,True
1.258960086,35693918,True
1.258960219,35693935,True
1.258960264,35693949,True
1.258960665,35693987,True
1.258960666,35693982,True
1.258960708,35693997,True
1.258960709,35693992,True
1.258960746,35694012,True
1.258960795,35694022,True
1.258960799,35694002,True
1.258960800,35694007,True
1.258960880,35694027,True
1.258960885,35694017,True
1.258960961,35694032,True
1.258960966,35694037,True
1.258961205,35694051,True
1.258961648,35691283,False
1.258961866,35694130,True
1.258962345,35693915,False
1.258962347,35693844,False
1.258962349,35694165,True
1.258962350,35694155,True
1.258962353,35694185,True
1.258962381,35694160,True
1.258962393,35694180,True
1.258962424,35694195,True
1.258962467,35694170,True
1.258962505,35694200,True
1.258962550,35694175,True
1.258962627,35694190,True
1.258963322,35694286,True
1.258963329,35694301,True
1.258963360,35694321,True
1.258963374,35694291,True
1.258963395,35694306,True
1.258963436,35694326,True
1.258963459,35694296,True
1.258963479,35694316,True
1.258963521,35694336,True
1.258963544,35694311,True
1.258963565,35694331,True
1.258963646,35694341,True
1.258965793,35694458,True
1.258965794,35694463,True
1.258965799,35694473,True
1.258965855,35694488,True
1.258965856,35694468,True
1.258965875,35694498,True
1.258965944,35694478,True
1.258965945,35694493,True
1.258965957,35694503,True
1.258966028,35694483,True
1.258970922,35695194,True
1.258971134,35695324,True
1.258971135,35695314,True
1.258971136,35695309,True
1.258971401,35695319,True
1.258971402,35695329,True
1.258971785,35695338,True
1.258971791,35695358,True
1.258971827,35695343,True
1.258971834,35695353,True
1.258972095,35695348,True
1.258972101,35695363,True
1.258972341,35695368,True
1.258972354,35695373,True
1.258973906,35695492,True
1.258975906,35695945,True
1.258975949,35695955,True
1.258976707,35696042,True
1.258976752,35693147,True
1.258976772,35696069,True
1.258976815,35696064,True
1.258976917,35696004,True
1.258976979,35696092,True
1.258977027,35696097,True
1.258977029,35696107,True
1.258977033,35696112,True
1.258977086,35696102,True
1.258977207,35696123,True
1.258977235,35696118,True
1.258977286,35696128,True
1.258977360,35696133,True
1.258977419,35696142,True
1.258977549,35696147,True
1.258977638,35696152,True
1.258977945,35696183,True
1.258977952,35696193,True
1.258978067,35696188,True
1.258978094,35696198,True
1.258978428,35696203,True
1.258978681,35696228,True
1.258978840,35696238,True
1.258979392,35696251,True
1.258980100,35696292,True
1.258980143,35696300,True
1.258981583,35696325,True
1.258981620,35696330,True
1.258982003,35696340,True
1.258982834,35696380,True
1.258985921,35696792,True
1.258986025,35696787,True
1.258987354,35696829,True
1.258987401,35696846,True
1.258987402,35696851,True
1.258987447,35696856,True
1.258987452,35696861,True
1.258987643,35696866,True
1.258987719,35696871,True
1.258987798,35696882,True
1.258987843,35696896,True
1.258987888,35696912,True
1.258989794,35696931,True
1.258989838,35696936,True
1.258990050,35696942,True
1.258990375,35696961,True
1.258990408,35696966,True
1.258990463,35696977,True
1.258990464,35696972,True
1.258990641,35696982,True
1.258990847,35696995,True
1.258990993,35697025,True
1.258991889,35697064,True
1.258991890,35697059,True
1.258991904,35697074,True
1.258992073,35697069,True
1.258992401,35697087,True
1.258992402,35697082,True
1.258993339,35697109,True
1.258994926,35697180,True
1.258998538,35697328,True
1.258998820,35697336,True
1.259006294,35698303,True
1.259007878,35698397,True
1.259008990,35698603,True
1.259008991,35698609,True
1.259008992,35698614,True
1.259009017,35698624,True
1.259009023,35698619,True
1.259009109,35698629,True
1.259009341,35698832,True
1.259009467,35698838,True
1.259010124,35698871,True
1.259010125,35698876,True
1.259010129,35698886,True
1.259010184,35698881,True
1.259010190,35698896,True
1.259010201,35698891,True
1.259010282,35698901,True
1.259010735,35698964,True
1.259011793,35698991,True
1.259013128,35699356,True
1.259013368,35699426,True
1.259013369,35699421,True
1.259013399,35699441,True
1.259013409,35699431,True
1.259013491,35699436,True
1.259013571,35699447,True
1.259013616,35699452,True
1.259013669,35699458,True
1.259013976,35699503,True
1.259013977,35699528,True
1.259013978,35699513,True
1.259014243,35699508,True
1.259014395,35699518,True
1.259014552,35699523,True
1.259014777,35699549,False
1.259014778,35699548,False
1.259014779,35699545,False
1.259014784,35699595,True
1.259014914,35699615,True
1.259014915,35699610,True
1.259014918,35699625,True
1.259014966,35699630,True
1.259014978,35699620,True
1.259014991,35699640,True
1.259015062,35699635,True
1.259015800,35699682,True
1.259016059,35699691,True
1.259016263,35699735,True
1.259016393,35699689,False
1.259016394,35699714,False
1.259016395,35699680,False
1.259016396,35699743,False
1.259016397,35699744,False
1.259016406,35699712,False
1.259016407,35699704,False
1.259016408,35699705,False
1.259016409,35699706,False
1.259016421,35699713,False
1.259016422,35699757,False
1.259016423,35699764,False
1.259016424,35699785,True
1.259016552,35699759,False
1.259016564,35699760,False
1.259016566,35699763,False
1.259016573,35699804,False
1.259016576,35699852,True
1.259016621,35699844,False
1.259016622,35699815,False
1.259016624,35699883,True
1.259016760,35699904,True
1.259021058,35699840,False
1.259021059,35699585,False
1.259021060,35699841,False
1.259021061,35699586,False
1.259021062,35699587,False
1.259021063,35699588,False
1.259022435,35701457,False
1.259029366,35701946,True
1.259029438,35698859,True
1.259029635,35701990,True
1.259029905,35702034,True
1.259030178,35702056,True
1.259030705,35702073,True
1.259031372,35702113,True
1.259031500,35702123,True
1.259031587,35702118,True
1.259031897,35702185,True
1.259032335,35702208,True
1.259032486,35702215,True
1.259033216,35702243,True
1.259033273,35702253,True
1.259033544,35702298,True
1.259033587,35702305,True
1.259034181,35702441,True
1.259034456,35702451,True
1.259034496,35702456,True
1.259035167,35702520,True
1.259035636,35702231,False
1.259035705,35702607,True
1.259035861,35702633,True
1.259035880,35702638,True
1.259036427,35702718,True
1.259036862,35702786,True
1.259036874,35702780,True
1.259037416,35702812,True
1.259037765,35702866,True
1.259037906,35702875,True
1.259038148,35702932,True
1.259038256,35702927,True
1.259038367,35702937,True
1.259039233,35702977,True
1.259039240,35702972,True
1.259039537,35703051,True
1.259043760,35703304,True
1.259043961,35703442,True
1.259044089,35703447,True
1.259044148,35702225,False
1.259044149,35702135,False
1.259044152,35702286,False
1.259044156,35702066,False
1.259044157,35702199,False
1.259044158,35702198,False
1.259044164,35702197,False
1.259044165,35702194,False
1.259044166,35702174,False
1.259044167,35702193,True
1.259044171,35703523,True
1.259044202,35703528,True
1.259044383,35703602,True
1.259044396,35703607,True
1.259044515,35703612,True
1.259044702,35703629,True
1.259044830,35703640,True
1.259044919,35703645,True
1.259045099,35703636,False
1.259045100,35703658,False
1.259045101,35703665,False
1.259045102,35703675,True
1.259045145,35703663,False
1.259045146,35703683,False
1.259045147,35703634,False
1.259045167,35703707,False
1.259045180,35703673,False
1.259045181,35703680,False
1.259045182,35703708,False
1.259045323,35703711,False
1.259045370,35702193,True
1.259046805,35703825,True
1.259046876,35703810,True
1.259046877,35703835,True
1.259046993,35703815,True
1.259047065,35703820,True
1.259047127,35703830,True
1.259047261,35703840,True
1.259048385,35703891,True
1.259048733,35703861,False
1.259048844,35703898,False
1.259048956,35703897,False
1.259049067,35703847,False
1.259049178,35703900,False
1.259049293,35703896,False
1.259049405,35703848,False
1.259049778,35703977,False
1.259049779,35703981,False
1.259050204,35704046,True
1.259050662,35704066,True
1.259050817,35703997,False
1.259050818,35703994,False
1.259050929,35703999,False
1.259050931,35703998,False
1.259050933,35703995,False
1.259050934,35703505,False
1.259050935,35703182,False
1.259050938,35703996,False
1.259050954,35704015,False
1.259050955,35704013,False
1.259050956,35704014,False
1.259050959,35703993,False
1.259050960,35704011,False
1.259050961,35704010,False
1.259050963,35704012,False
1.259050965,35704016,True
1.259051307,35704097,True
1.259054843,35704356,False
1.259054844,35704106,False
1.259054846,35704141,False
1.259062797,35705494,True
1.259063229,35705513,True
1.259064032,35705542,True
1.259065960,35705613,True
1.259066126,35705620,True
1.259066358,35705639,True
1.259066403,35705657,True
1.259066533,35705692,True
1.259066693,35705730,True
1.259066833,35705750,True
1.259066961,35705759,True
1.259067089,35705765,True
1.259067208,35705787,True
1.259067374,35705803,True
1.259067752,35705849,True
1.259067884,35705704,False
1.259067886,35705702,False
1.259067893,35705706,False
1.259067896,35705701,False
1.259067903,35705698,False
1.259067907,35705705,False
1.259067908,35705646,False
1.259067911,35705699,False
1.259067958,35705893,True
1.259068980,35705931,True
1.259069284,35705958,True
1.259069329,35705966,True
1.259069470,35705981,True
1.259069626,35705998,True
1.259069781,35706022,True
1.259069910,35706053,True
1.259069975,35706240,True
1.259070217,35706439,True
1.259071374,35706497,True
1.259071614,35706530,True
1.259071617,35706525,True
1.259072201,35706580,True
1.259072371,35706591,True
1.259072499,35706597,True
1.259072554,35706572,False
1.259072555,35706618,True
1.259072598,35706571,False
1.259072613,35706638,True
1.259072656,35706643,True
1.259072702,35706663,True
1.259073019,35706672,False
1.259073020,35706655,False
1.259073021,35706648,False
1.259073022,35706670,False
1.259073026,35706729,False
1.259073027,35706728,False
1.259073029,35706718,False
1.259073030,35706731,False
1.259073032,35706698,False
1.259073034,35706752,False
1.259073039,35706730,False
1.259073040,35706750,False
1.259073143,35706626,False
1.259073153,35706662,False
1.259073154,35706628,False
1.259073157,35706762,False
1.259073188,35706767,False
1.259073602,35706789,False
1.259073604,35706864,True
1.259080085,35707076,False
1.259080086,35706884,False
1.259080087,35707097,False
1.259080088,35707077,False
1.259080091,35707047,False
1.259080092,35707108,False
1.259084143,35707380,False
1.259090712,35708432,True
1.259091421,35708468,True
1.259091663,35708483,True
1.259092442,35708540,True
1.259092822,35708564,True
1.259093417,35708614,True
1.259093575,35708642,True
1.259093957,35708664,True
1.259094085,35708669,True
1.259094260,35708721,True
1.259094387,35708726,True
1.259094802,35704016,True
1.259094807,35708754,False
1.259095153,35708826,True
1.259095978,35709349,True
1.259096106,35709362,True
1.259096252,35709431,True
1.259096630,35708929,False
1.259096631,35708930,False
1.259096632,35708931,False
1.259096633,35708927,False
1.259096636,35708606,False
1.259096637,35708619,False
1.259096639,35708634,False
1.259096640,35708705,False
1.259096941,35709561,True
1.259096987,35709566,True
1.259097092,35709542,False
1.259097093,35709543,False
1.259097094,35709571,False
1.259097095,35709591,False
1.259099277,35709732,True
1.259099407,35709726,False
1.259099408,35709730,False
1.259099409,35709731,False
1.259099410,35709725,False
1.259100317,35709905,True
1.259102485,35710114,True
1.259103014,35709820,False
1.259105179,35710294,False
1.259111647,35711377,False
1.259111648,35711452,True
1.259111804,35711510,True
1.259112382,35711564,True
1.259113174,35711599,True
1.259113418,35711639,True
1.259113683,35711671,True
1.259114337,35711721,True
1.259114381,35711736,True
1.259114705,35711983,True
1.259114706,35711989,True
1.259115001,35712036,True
1.259115129,35712054,True
1.259115168,35712060,True
1.259115312,35712190,True
1.259115313,35712185,True
1.259115491,35712195,True
1.259115492,35712210,True
1.259115573,35712200,True
1.259115574,35712215,True
1.259115653,35712205,True
1.259115654,35712225,True
1.259115728,35712220,True
1.259115729,35712230,True
1.259116284,35712274,True
1.259116639,35712287,True
1.259117290,35712329,True
1.259117642,35712363,True
1.259117770,35712368,True
1.259118335,35712650,True
1.259118821,35713011,True
1.259118904,35713050,True
1.259118905,35713055,True
1.259119243,35713068,True
1.259119244,35713073,True
1.259119258,35713113,True
1.259119286,35713078,True
1.259119287,35713088,True
1.259119368,35713083,True
1.259119369,35713093,True
1.259119451,35713098,True
1.259119452,35713108,True
1.259119534,35713118,True
1.259119535,35713103,True
1.259122947,35713213,True
1.259123302,35713287,True
1.259123493,35713365,True
1.259123496,35713370,True
1.259123712,35713400,True
1.259124350,35713446,True
1.259124505,35713472,True
1.259124550,35713498,True
1.259124689,35713511,True
1.259125094,35713547,True
1.259125333,35713574,True
1.259125474,35713816,True
1.259125512,35713821,True
1.259125519,35713836,True
1.259125520,35713826,True
1.259125561,35713831,True
1.259125590,35713841,True
1.259125602,35713846,True
1.259125648,35713868,True
1.259125677,35713851,True
1.259125686,35713888,True
1.259125736,35713873,True
1.259125761,35713858,True
1.259125771,35713893,True
1.259125820,35713878,True
1.259125848,35713863,True
1.259125926,35713883,True
1.259126500,35713924,True
1.259126985,35714233,True
1.259126987,35714238,True
1.259126990,35714253,True
1.259127026,35714263,True
1.259127033,35714243,True
1.259127052,35714258,True
1.259127112,35714273,True
1.259127118,35714248,True
1.259127137,35714278,True
1.259127201,35714268,True
1.259127282,35714283,True
1.259127356,35714288,True
1.259127525,35713931,False
1.259127526,35713932,False
1.259127528,35713431,False
1.259127529,35713453,False
1.259127531,35713331,False
1.259127532,35713393,False
1.259127535,35711537,False
1.259127536,35711536,False
1.259127753,35712661,False
1.259127754,35712662,False
1.259130205,35714750,True
1.259130206,35714745,True
1.259130209,35714765,True
1.259130242,35714760,True
1.259130247,35714755,True
1.259130270,35714785,True
1.259130329,35714770,True
1.259130353,35714790,True
1.259130411,35714775,True
1.259130492,35714780,True
1.259130569,35714795,True
1.259137177,35715737,True
1.259137179,35715742,True
1.259137774,35715821,True
1.259138031,35715851,True
1.259138074,35715856,True
1.259139788,35715982,True
1.259139924,35716193,True
1.259139925,35716203,True
1.259140102,35716198,True
1.259140103,35716208,True
1.259140330,35716213,True
1.259140574,35716230,True
1.259140806,35716251,True
1.259140936,35716279,True
1.259140987,35716343,True
1.259141117,35716485,True
1.259141253,35716527,True
1.259141254,35716522,True
1.259141255,35716532,True
1.259141520,35716562,True
1.259141521,35716542,True
1.259141522,35716537,True
1.259141851,35716547,True
1.259141852,35716557,True
1.259142097,35716552,True
1.259142547,35716587,True
1.259142882,35716613,True
1.259142885,35716638,True
1.259142979,35716618,True
1.259142981,35716623,True
1.259142989,35716643,True
1.259143362,35716633,True
1.259143586,35716628,True
1.259143741,35716648,True
1.259143869,35716653,True
1.259143997,35716658,True
1.259144125,35716663,True
1.259144257,35716669,True
1.259144395,35716687,True
1.259144396,35716692,True
1.259144400,35716697,True
1.259144662,35716702,True
1.259144663,35716717,True
1.259144666,35716712,True
1.259144987,35716707,True
1.259144993,35716742,True
1.259144998,35716747,True
1.259145240,35716722,True
1.259145401,35716727,True
1.259145564,35716732,True
1.259145728,35716737,True
1.259146090,35716755,True
1.259146281,35716771,True
1.259146329,35716782,True
1.259146460,35716788,True
1.259149232,35716823,False
1.259149234,35716881,False
1.259149333,35716915,True
1.259149378,35716922,True
1.259149648,35717257,True
1.259149694,35717271,True
1.259150014,35717292,True
1.259150042,35717297,True
1.259150095,35717302,True
1.259150177,35717316,True
1.259150178,35717326,True
1.259150213,35717321,True
1.259150285,35717331,True
1.259150290,35717341,True
1.259150355,35717336,True
1.259150414,35717356,True
1.259150427,35717351,True
1.259150892,35717399,True
1.259151109,35717427,True
1.259151152,35717422,True
1.259151324,35717462,True
1.259151326,35717457,True
1.259151448,35717489,True
1.259151449,35717484,True
1.259151609,35717510,True
1.259152464,35717571,True
1.259152594,35717515,False
1.259152595,35717561,False
1.259152604,35717599,True
1.259152644,35717605,True
1.259152740,35717638,True
1.259152742,35717644,True
1.259152744,35717649,True
1.259152805,35717654,True
1.259152806,35717659,True
1.259152811,35717670,True
1.259152887,35717675,True
1.259152891,35717664,True
1.259152897,35717695,True
1.259152971,35717680,True
1.259152978,35717700,True
1.259153054,35717685,True
1.259153058,35717690,True
1.259153135,35717710,True
1.259153141,35717705,True
1.259153217,35717715,True
1.259153276,35717720,True
1.259153353,35717725,True
1.259153712,35717740,True
1.259153728,35717745,True
1.259153810,35717751,True
1.259153811,35717757,True
1.259153921,35717782,True
1.259153964,35717733,False
1.259153968,35717797,True
1.259153970,35717807,True
1.259154009,35717802,True
1.259154020,35717812,True
1.259154082,35717822,True
1.259154104,35717817,True
1.259154174,35717827,True
1.259154184,35717837,True
1.259154252,35717832,True
1.259154414,35717857,True
1.259154457,35717852,True
1.259154510,35717894,True
1.259154511,35717899,True
1.259154640,35717889,True
1.259154772,35717913,True
1.259154774,35717923,True
1.259154779,35717938,True
1.259154828,35717918,True
1.259154839,35717933,True
1.259154855,35717968,True
1.259154914,35717928,True
1.259154926,35717943,True
1.259154997,35717948,True
1.259155003,35717958,True
1.259155073,35717953,True
1.259155151,35717963,True
1.259155310,35717991,True
1.259155311,35717996,True
1.259155312,35717986,True
1.259155345,35718001,True
1.259155351,35718022,True
1.259155432,35718006,True
1.259155436,35718027,True
1.259155515,35718011,True
1.259155521,35718032,True
1.259155598,35718017,True
1.259155603,35718037,True
1.259155789,35718076,True
1.259155790,35718091,True
1.259155830,35718086,True
1.259155833,35718081,True
1.259155854,35718106,True
1.259155916,35718101,True
1.259155921,35718096,True
1.259156586,35718147,True
1.259156587,35718142,True
1.259156617,35718152,True
1.259156647,35718157,True
1.259156653,35718167,True
1.259156660,35718177,True
1.259156732,35718162,True
1.259156737,35718182,True
1.259156813,35718172,True
1.259156885,35718187,True
1.259157040,35718202,True
1.259157211,35718211,True
1.259157302,35718225,True
1.259157303,35718230,True
1.259157349,35718240,True
1.259157383,35718235,True
1.259157463,35718245,True
1.259157549,35718254,True
1.259157551,35718264,True
1.259157667,35718289,True
1.259157717,35718259,True
1.259157726,35718269,True
1.259157797,35718274,True
1.259157807,35718284,True
1.259157878,35718279,True
1.259157890,35718304,True
1.259157958,35718294,True
1.259158025,35718299,True
1.259158092,35718309,True
1.259158429,35718320,True
1.259158435,35718330,True
1.259158482,35718325,True
1.259158500,35718335,True
1.259160113,35718418,True
1.259160114,35718428,True
1.259160125,35718423,True
1.259160136,35718433,True
1.259160205,35718438,True
1.259160342,35718453,True
1.259160349,35718463,True
1.259160357,35718473,True
1.259160387,35718458,True
1.259160465,35718468,True
1.259160540,35718478,True
1.259160594,35718483,True
1.259161467,35718722,True
1.259161468,35718697,True
1.259161469,35718702,True
1.259161490,35718707,True
1.259161496,35718712,True
1.259161522,35718727,True
1.259161578,35718737,True
1.259161584,35718717,True
1.259161608,35718747,True
1.259161666,35718742,True
1.259161672,35718732,True
1.259162658,35719374,True
1.259165517,35719549,True
1.259165790,35719614,True
1.259167014,35719779,True
1.259167071,35719834,True
1.259167072,35719824,True
1.259167075,35719814,True
1.259167338,35719819,True
1.259167339,35719854,True
1.259167340,35719829,True
1.259167581,35719839,True
1.259167824,35719844,True
1.259167985,35719849,True
1.259168223,35719877,True
1.259168224,35719862,True
1.259168319,35719867,True
1.259168529,35719872,True
1.259168983,35719914,True
1.259169052,35719948,True
1.259169053,35719943,True
1.259169070,35719938,True
1.259169181,35719956,True
1.259169228,35719964,True
1.259169908,35720084,True
1.259170053,35720141,True
1.259170112,35720100,True
1.259170144,35720146,True
1.259170388,35720171,True
1.259170389,35720116,True
1.259170620,35720126,True
1.259170775,35720151,True
1.259170915,35720156,True
1.259170959,35720106,True
1.259170986,35720166,True
1.259171173,35720121,True
1.259171321,35720131,True
1.259171468,35720136,True
1.259171598,35720161,True
1.259171680,35720190,True
1.259172646,35720290,True
1.259172940,35720318,True
1.259173139,35720333,True
1.259173178,35720338,True
1.259173225,35720395,True
1.259173226,35720390,True
1.259173227,35720380,True
1.259173324,35720405,True
1.259173616,35720400,True
1.259173782,35720410,True
1.259173993,35720385,True
1.259174150,35720635,True
1.259174523,35720709,True
1.259174524,35720704,True
1.259174613,35720720,True
1.259174767,35720735,True
1.259174895,35720730,True
1.259175023,35720746,True
1.259175025,35720741,True
1.259175244,35720797,True
1.259175287,35720790,True
1.259175415,35720813,True
1.259175416,35720803,True
1.259175417,35720808,True
1.259175447,35720818,True
1.259175452,35720823,True
1.259175632,35720834,True
1.259175675,35720844,True
1.259175764,35720849,True
1.259175928,35720839,True
1.259176059,35720871,True
1.259176187,35720866,True
1.259176315,35720861,True
1.259176443,35720879,True
1.259176589,35720884,True
1.259176616,35720889,True
1.259176720,35720906,True
1.259176889,35720915,True
1.259176934,35720930,True
1.259176977,35720935,True
1.259177020,35720940,True
1.259177079,35720964,True
1.259177124,35720989,True
1.259177441,35721037,True
1.259178948,35721023,False
1.259180814,35721743,False
1.259182324,35721836,False
1.259182457,35721888,True
1.259183838,35721988,True
1.259183841,35721993,True
1.259183926,35722008,True
1.259185805,35722068,True
1.259189197,35722818,True
1.259189227,35722823,True
1.259189687,35722833,True
1.259189867,35722861,True
1.259189872,35722866,True
1.259190926,35722901,True
1.259191255,35722917,True
1.259191325,35722928,True
1.259191533,35723000,True
1.259192138,35723035,True
1.259195801,35723059,True
1.259196215,35723098,True
1.259196223,35723103,True
1.259196405,35723108,True
1.259196599,35723113,True
1.259196783,35723140,True
1.259196784,35723135,True
1.259196785,35723145,True
1.259197050,35723150,True
1.259197326,35723166,True
1.259197415,35723179,True
1.259197600,35723205,True
1.259197677,35723219,True
1.259197679,35723224,True
1.259197683,35723234,True
1.259197732,35723229,True
1.259198504,35723278,True
1.259198538,35723268,True
1.259198544,35723293,True
1.259198611,35723273,True
1.259198671,35723283,True
1.259198715,35723288,True
1.259198759,35723298,True
1.259199200,35723329,True
1.259199355,35723335,True
1.259200934,35723390,True
1.259201358,35723722,True
1.259201486,35723730,True
1.259202010,35723764,True
1.259202281,35723781,True
1.259202440,35723789,True
1.259202679,35723837,True
1.259202722,35723827,True
1.259202723,35723842,True
1.259202748,35723847,True
1.259202789,35723832,True
1.259202795,35723852,True
1.259203131,35723895,True
1.259203895,35723924,True
1.259204289,35723949,True
1.259204290,35723939,True
1.259204467,35723944,True
1.259204468,35723954,True
1.259204710,35723959,True
1.259204866,35723964,True
1.259207192,35724504,True
1.259207193,35724519,True
1.259207200,35724509,True
1.259207234,35724524,True
1.259207273,35724514,True
1.259207407,35724532,True
1.259207674,35724565,True
1.259207675,35724555,True
1.259207676,35724550,True
1.259207719,35724560,True
1.259207720,35724570,True
1.259207737,35724580,True
1.259207802,35724575,True
1.259209377,35724657,False
1.259209378,35724643,False
1.259209379,35724660,False
1.259209380,35724661,False
1.259209381,35724662,False
1.259209382,35724612,False
1.259214589,35725367,False
1.259214590,35725438,False
1.259214591,35725471,False
1.259214638,35725470,False
1.259214639,35725441,False
1.259214640,35725440,False
1.259214641,35725466,False
1.259214688,35725434,False
1.259214689,35725433,False
1.259214690,35725453,False
1.259214691,35725419,False
1.259214738,35725494,False
1.259214739,35725493,False
1.259214788,35725377,False
1.259214789,35725343,False
1.259214790,35725458,False
1.259214791,35725460,False
1.259214792,35725462,False
1.259214839,35725489,False
1.259214897,35724837,False
1.259214898,35725245,False
1.259214899,35725250,False
1.259214900,35725285,False
1.259214901,35725288,False
1.259214948,35725286,False
1.259214949,35725289,False
1.259214950,35725287,False
1.259214997,35725364,False
1.259214998,35725368,False
1.259218179,35725521,False
1.259218180,35725704,False
1.259221870,35726348,True
1.259222025,35726357,True
1.259222120,35726362,True
1.259222615,35726412,True
1.259222770,35726440,True
1.259222813,35726446,True
1.259222970,35726464,True
1.259223125,35726496,True
1.259223257,35726510,True
1.259223751,35726559,True
1.259224274,35726581,True
1.259224341,35726594,True
1.259224342,35726599,True
1.259224641,35726634,True
1.259225021,35726688,True
1.259225675,35726733,True
1.259225803,35726738,True
1.259225957,35726977,True
1.259226262,35726991,True
1.259226413,35727010,True
1.259226415,35727015,True
1.259227313,35727066,True
1.259227365,35727071,True
1.259228324,35727080,True
1.259228513,35727094,True
1.259228755,35727101,True
1.259229493,35727116,True
1.259229536,35727123,True
1.259229651,35727128,True
1.259229892,35727149,True
1.259230020,35727158,True
1.259230063,35727163,True
1.259230308,35727187,True
1.259230530,35727204,True
1.259231527,35727385,True
1.259231570,35727395,True
1.259231586,35727390,True
1.259231737,35727435,True
1.259231900,35727447,True
1.259232044,35726713,False
1.259232046,35727469,True
1.259232202,35727501,True
1.259232250,35727531,True
1.259232824,35727548,True
1.259232956,35727554,True
1.259233090,35727614,True
1.259233220,35727750,True
1.259233348,35727820,True
1.259233491,35727911,True
1.259233605,35727950,True
1.259233662,35727961,True
1.259233855,35727993,True
1.259233983,35727998,True
1.259234024,35728003,True
1.259234071,35728008,True
1.259234500,35728043,True
1.259234579,35728062,True
1.259234714,35728071,True
1.259234811,35728128,True
1.259234900,35728133,True
1.259235055,35728196,True
1.259235232,35728210,True
1.259235654,35728230,True
1.259235806,35728237,True
1.259235904,35728262,True
1.259235932,35728267,True
1.259235947,35728273,True
1.259236023,35728283,True
1.259236045,35728278,True
1.259236281,35728312,True
1.259236413,35728342,True
1.259236541,35728348,True
1.259236894,35728374,True
1.259236897,35728379,True
1.259238007,35728428,True
1.259238065,35728470,True
1.259238193,35728476,True
1.259238250,35728504,True
1.259238281,35728509,True
1.259238440,35728527,True
1.259238487,35728087,False
1.259238488,35728545,False
1.259238489,35728192,False
1.259238490,35728089,False
1.259238491,35728090,False
1.259238492,35728088,False
1.259238493,35728540,False
1.259238494,35728091,False
1.259238495,35728092,False
1.259238496,35728093,False
1.259238497,35728184,False
1.259238498,35729220,True
1.259238545,35728461,False
1.259238555,35728485,False
1.259238556,35728486,False
1.259238557,35728459,False
1.259238558,35728458,False
1.259238559,35728457,False
1.259238560,35728449,False
1.259238561,35728483,False
1.259238562,35728481,False
1.259238563,35728467,False
1.259238564,35728488,False
1.259238565,35727974,False
1.259238570,35727984,False
1.259238575,35727990,False
1.259238576,35727986,False
1.259238579,35727970,False
1.259238581,35727981,False
1.259238582,35727985,False
1.259238590,35729244,True
1.259238633,35729256,True
1.259238764,35729280,True
1.259241818,35729289,False
1.259241910,35729343,True
1.259242083,35729290,False
1.259242084,35729334,False
1.259242085,35729372,True
1.259242589,35729444,False
1.259242590,35729445,False
1.259242592,35729448,False
1.259242813,35729533,True
1.259243167,35729460,False
1.259243168,35729303,False
1.259243169,35729469,False
1.259243170,35729465,False
1.259243171,35729466,False
1.259243172,35729302,False
1.259243173,35729464,False
1.259243515,35729968,False
1.259244735,35729980,False
1.259245435,35730131,False
1.259245437,35730111,False
1.259247088,35730321,False
1.259249628,35726559,True
1.259253973,35731006,True
1.259254133,35731096,True
1.259254619,35731140,True
1.259255388,35731215,True
1.259255456,35731228,True
1.259255549,35731336,True
1.259255786,35731366,True
1.259255790,35731371,True
1.259256014,35731396,True
1.259256021,35731390,True
1.259256973,35731515,True
1.259257043,35731559,True
1.259257095,35731569,True
1.259257784,35731620,True
1.259257845,35731930,True
1.259258143,35732007,True
1.259258781,35732074,True
1.259259152,35732097,True
1.259260216,35732118,True
1.259260344,35732125,True
1.259260387,35732133,True
1.259260546,35732150,True
1.259260682,35732166,True
1.259261689,35732247,True
1.259262089,35732283,True
1.259262501,35732356,True
1.259263003,35732398,True
1.259264933,35732453,True
1.259265460,35732595,True
1.259267807,35732670,True
1.259267899,35732680,True
1.259268181,35732362,False
1.259268182,35732632,False
1.259268183,35732026,False
1.259268184,35732027,False
1.259268185,35732189,False
1.259268186,35732327,False
1.259268187,35732335,False
1.259268188,35732336,False
1.259268189,35732339,False
1.259268192,35732491,False
1.259268193,35732499,False
1.259268194,35732501,False
1.259268195,35732514,False
1.259268196,35732564,False
1.259268205,35732348,False
1.259268206,35732349,False
1.259268207,35732361,False
1.259268208,35732469,False
1.259268209,35732507,False
1.259268210,35732512,False
1.259268211,35732676,False
1.259268212,35732677,False
1.259268488,35732765,True
1.259269036,35732901,False
1.259269043,35732873,False
1.259269044,35732822,False
1.259269045,35732883,False
1.259269049,35732838,False
1.259269050,35732837,False
1.259269053,35732826,False
1.259271534,35733073,False
1.259272253,35733575,False
1.259277739,35733982,True
1.259279306,35734205,True
1.259281604,35734379,True
1.259282007,35734551,True
1.259282135,35734557,True
1.259282408,35734572,True
1.259282536,35734585,True
1.259282884,35734625,True
1.259283843,35734722,True
1.259283974,35734749,True
1.259284108,35734763,True
1.259284237,35734768,True
1.259284843,35735195,True
1.259285683,35735228,True
1.259287043,35735377,True
1.259287191,35735385,True
1.259288201,35735417,True
1.259288454,35735443,True
1.259289456,35735780,True
1.259289621,35735874,True
1.259289729,35735903,True
1.259289781,35735917,True
1.259289950,35735942,True
1.259290851,35736012,True
1.259291085,35736094,True
1.259291353,35736175,True
1.259291403,35736188,True
1.259291685,35736251,False
1.259291688,35735901,False
1.259291689,35735959,False
1.259291690,35736100,False
1.259291693,35736035,False
1.259291694,35736038,False
1.259291695,35736090,False
1.259291696,35736091,False
1.259291701,35735948,False
1.259291702,35735949,False
1.259291703,35735950,False
1.259291773,35736341,True
1.259292847,35736436,False
1.259292848,35736459,False
1.259297776,35737246,False
1.259301024,35737574,False
1.259308328,35738214,True
1.259308460,35738232,True
1.259308809,35738242,True
1.259308941,35738249,True
1.259309577,35738348,True
1.259309648,35738358,True
1.259309649,35738388,True
1.259309691,35738363,True
1.259309763,35738368,True
1.259309814,35738373,True
1.259309860,35738378,True
1.259309903,35738383,True
1.259310157,35738401,True
1.259310216,35738416,True
1.259310870,35738458,True
1.259311040,35738475,True
1.259311152,35738610,True
1.259311281,35738642,True
1.259311282,35738632,True
1.259311283,35738637,True
1.259311548,35738647,True
1.259311549,35738668,True
1.259311788,35738652,True
1.259311947,35738657,True
1.259312095,35738662,True
1.259312981,35739011,True
1.259313167,35739096,True
1.259313168,35739091,True
1.259313187,35739101,True
1.259313229,35739131,True
1.259313230,35739106,True
1.259313276,35739111,True
1.259313315,35739146,True
1.259313316,35739116,True
1.259313362,35739136,True
1.259313398,35739121,True
1.259313473,35739126,True
1.259313549,35739141,True
1.259313706,35739221,True
1.259313858,35739228,True
1.259313986,35739233,True
1.259314627,35739245,True
1.259314760,35739261,True
1.259314779,35739276,True
1.259314783,35739266,True
1.259314791,35739271,True
1.259314859,35739286,True
1.259314865,35739281,True
1.259314873,35739292,True
1.259314948,35739297,True
1.259315397,35739369,True
1.259315957,35739420,True
1.259315985,35739441,True
1.259316012,35739425,True
1.259316038,35739446,True
1.259316074,35739431,True
1.259316257,35739436,True
1.259316324,35739462,True
1.259317562,35739037,False
1.259317563,35739083,False
1.259317564,35739489,False
1.259317566,35739227,False
1.259317571,35739526,True
1.259317660,35739173,False
1.259317741,35739544,True
1.259319364,35739710,True
1.259326327,35739890,False
1.259326945,35740660,True
1.259327032,35740723,True
1.259328768,35740831,True
1.259329818,35740889,True
1.259330969,35741132,True
1.259331058,35741235,True
1.259331117,35741392,True
1.259331119,35741417,True
1.259331120,35741402,True
1.259331149,35741397,True
1.259331276,35741412,True
1.259331392,35741422,True
1.259331681,35741407,True
1.259331691,35741432,True
1.259331931,35741427,True
1.259332288,35741460,True
1.259332716,35741501,True
1.259332805,35741521,True
1.259332806,35741506,True
1.259332807,35741511,True
1.259333099,35741541,True
1.259333100,35741516,True
1.259333347,35741526,True
1.259333509,35741531,True
1.259333668,35741536,True
1.259333982,35741546,True
1.259334462,35741568,True
1.259334639,35741575,True
1.259334901,35741596,True
1.259335034,35741638,True
1.259335077,35741643,True
1.259335350,35741662,True
1.259335351,35741657,True
1.259335365,35741667,True
1.259335392,35741677,True
1.259335536,35741672,True
1.259335826,35741682,True
1.259336791,35741752,True
1.259336844,35741778,True
1.259336866,35741783,True
1.259336930,35741788,True
1.259336933,35741793,True
1.259337424,35741846,True
1.259337426,35741851,True
1.259337474,35741856,True
1.259337564,35742049,True
1.259337577,35742055,True
1.259337876,35742194,True
1.259338007,35742225,True
1.259338009,35742245,True
1.259338026,35742235,True
1.259338053,35742230,True
1.259338108,35742240,True
1.259338185,35742250,True
1.259338250,35742255,True
1.259338310,35742281,True
1.259338311,35742276,True
1.259338312,35742306,True
1.259338332,35742291,True
1.259338369,35742316,True
1.259338375,35742286,True
1.259338450,35742326,True
1.259338454,35742296,True
1.259338534,35742301,True
1.259338607,35742311,True
1.259338688,35742321,True
1.259338783,35742334,True
1.259338784,35742339,True
1.259338785,35742354,True
1.259338813,35742349,True
1.259338815,35742344,True
1.259338838,35742389,True
1.259338897,35742359,True
1.259338898,35742379,True
1.259338978,35742364,True
1.259338979,35742384,True
1.259339057,35742369,True
1.259339059,35742399,True
1.259339139,35742374,True
1.259339215,35742394,True
1.259339289,35742404,True
1.259339379,35742410,True
1.259339559,35742422,True
1.259339733,35742437,True
1.259339782,35742451,True
1.259341060,35742577,True
1.259341082,35742582,True
1.259341248,35742676,True
1.259341295,35743285,True
1.259341634,35743431,True
1.259341635,35743456,True
1.259341636,35743426,True
1.259341671,35743436,True
1.259341705,35743461,True
1.259341968,35743441,True
1.259342046,35743446,True
1.259342127,35743451,True
1.259342169,35743466,True
1.259342227,35743471,True
1.259342551,35742417,False
1.259342553,35742216,False
1.259342856,35743518,True
1.259342858,35743523,True
1.259342860,35743533,True
1.259342909,35743553,True
1.259342915,35743528,True
1.259342935,35743563,True
1.259342994,35743584,True
1.259343000,35743538,True
1.259343017,35743573,True
1.259343085,35743543,True
1.259343096,35743579,True
1.259343162,35743548,True
1.259343238,35743558,True
1.259343318,35743568,True
1.259343395,35743589,True
1.259345555,35743691,True
1.259345568,35743701,True
1.259345571,35743721,True
1.259345597,35743696,True
1.259345613,35743706,True
1.259345677,35743716,True
1.259345694,35743711,True
1.259348595,35741688,False
1.259351262,35744528,True
1.259352762,35744658,True
1.259354008,35745011,True
1.259354170,35745023,True
1.259354304,35745031,True
1.259355273,35745069,True
1.259355853,35745175,True
1.259356081,35745233,True
1.259356082,35745238,True
1.259356099,35745228,True
1.259356138,35745258,True
1.259356139,35745243,True
1.259356185,35745248,True
1.259356224,35745293,True
1.259356225,35745268,True
1.259356270,35745253,True
1.259356309,35745273,True
1.259356310,35745298,True
1.259356356,35745263,True
1.259356391,35745303,True
1.259356392,35745308,True
1.259356441,35745278,True
1.259356475,35745318,True
1.259356485,35745398,True
1.259356529,35745283,True
1.259356570,35745413,True
1.259356573,35745333,True
1.259356640,35745288,True
1.259356704,35745343,True
1.259356711,35745423,True
1.259356784,35745313,True
1.259356788,35745388,True
1.259356860,35745323,True
1.259356913,35745403,True
1.259356917,35745328,True
1.259356989,35745418,True
1.259357021,35745338,True
1.259357087,35745433,True
1.259357127,35745348,True
1.259357161,35745448,True
1.259357203,35745353,True
1.259357234,35745453,True
1.259357302,35745358,True
1.259357343,35745468,True
1.259357373,35745363,True
1.259357419,35745473,True
1.259357451,35745368,True
1.259357512,35745483,True
1.259357559,35745373,True
1.259357586,35745493,True
1.259357637,35745378,True
1.259357670,35745503,True
1.259357733,35745383,True
1.259357777,35745508,True
1.259357811,35745393,True
1.259357853,35745523,True
1.259357884,35745408,True
1.259357949,35745528,True
1.259357994,35745428,True
1.259358022,35745533,True
1.259358068,35745438,True
1.259358099,35745538,True
1.259358162,35745443,True
1.259358210,35745543,True
1.259358240,35745458,True
1.259358282,35745463,True
1.259358317,35745478,True
1.259358376,35745488,True
1.259358423,35745498,True
1.259358464,35745513,True
1.259358629,35745518,True
1.259359324,35745614,True
1.259359327,35745619,True
1.259359414,35745628,True
1.259359503,35745633,True
1.259359760,35745642,True
1.259359762,35745647,True
1.259362006,35745686,True
1.259362800,35745724,True
1.259362801,35745714,True
1.259362802,35745719,True
1.259363067,35745729,True
1.259363604,35745909,True
1.259363647,35745914,True
1.259363919,35746028,True
1.259363949,35746033,True
1.259364125,35746050,True
1.259364126,35746060,True
1.259364128,35746055,True
1.259364515,35746076,True
1.259364562,35746095,True
1.259364563,35746100,True
1.259364564,35746090,True
1.259364829,35746110,True
1.259364830,35746105,True
1.259365072,35746120,True
1.259365332,35746115,True
1.259365460,35746131,True
1.259365461,35746136,True
1.259366140,35746230,True
1.259366621,35746264,True
1.259368264,35746367,True
1.259368425,35746385,True
1.259369427,35746513,False
1.259369428,35746499,False
1.259371660,35747199,True
1.259372471,35747209,True
1.259372905,35747248,True
1.259373498,35747268,True
1.259373922,35747289,True
1.259374106,35747307,True
1.259374391,35747325,True
1.259375526,35747622,True
1.259375528,35747642,True
1.259375529,35747627,True
1.259375580,35747632,True
1.259375582,35747637,True
1.259375758,35747652,True
1.259376344,35747807,True
1.259376348,35747812,True
1.259376436,35747821,True
1.259376573,35747141,False
1.259376574,35746690,False
1.259378836,35747855,True
1.259379442,35747862,True
1.259379443,35747877,True
1.259379444,35747867,True
1.259379500,35747872,True
1.259379512,35747882,True
1.259379574,35747892,True
1.259379643,35747887,True
1.259381098,35747933,True
1.259381099,35747923,True
1.259381100,35747928,True
1.259381150,35747938,True
1.259381151,35747943,True
1.259381152,35747953,True
1.259381238,35747963,True
1.259381239,35747958,True
1.259381241,35747948,True
1.259381325,35747988,True
1.259381326,35747968,True
1.259381327,35747978,True
1.259381407,35747973,True
1.259381408,35747993,True
1.259381409,35748003,True
1.259381494,35747983,True
1.259381503,35748028,True
1.259381514,35747998,True
1.259381585,35748008,True
1.259381587,35748058,True
1.259381657,35748013,True
1.259381723,35748023,True
1.259381729,35748093,True
1.259381795,35748018,True
1.259381808,35748038,True
1.259381872,35748098,True
1.259381936,35748033,True
1.259381952,35748043,True
1.259382009,35748103,True
1.259382023,35748048,True
1.259382083,35748053,True
1.259382151,35748113,True
1.259382160,35748063,True
1.259382224,35748108,True
1.259382246,35748143,True
1.259382302,35748068,True
1.259382360,35748118,True
1.259382376,35748158,True
1.259382436,35748073,True
1.259382464,35748128,True
1.259382517,35748183,True
1.259382575,35748078,True
1.259382590,35748133,True
1.259382660,35748218,True
1.259382688,35748083,True
1.259382751,35748138,True
1.259382814,35748238,True
1.259382827,35748088,True
1.259382890,35748163,True
1.259382910,35748123,True
1.259382968,35748168,True
1.259383029,35748148,True
1.259383046,35748188,True
1.259383105,35748153,True
1.259383133,35748193,True
1.259383180,35748173,True
1.259383244,35748203,True
1.259383264,35748178,True
1.259383303,35748198,True
1.259383323,35748208,True
1.259383406,35748213,True
1.259383461,35748223,True
1.259383480,35748228,True
1.259383543,35748233,True
1.259383564,35748244,True
1.259384037,35748276,True
1.259384949,35748341,True
1.259384950,35748346,True
1.259384951,35748336,True
1.259385111,35748351,True
1.259385532,35748370,True
1.259386034,35748501,True
1.259386467,35748538,True
1.259386468,35748528,True
1.259386506,35748533,True
1.259386519,35748548,True
1.259386591,35748543,True
1.259386669,35748553,True
1.259386733,35748559,True
1.259387684,35748588,True
1.259387718,35748593,True
1.259388197,35748618,True
1.259389225,35749040,True
1.259389226,35749035,True
1.259389227,35749050,True
1.259389286,35749055,True
1.259389287,35749045,True
1.259390983,35749118,True
1.259391028,35749129,True
1.259391296,35749151,True
1.259391369,35749174,True
1.259391458,35749179,True
1.259391717,35749192,True
1.259392317,35749232,True
1.259392520,35749255,True
1.259392521,35749250,True
1.259392608,35749264,True
1.259392746,35749289,True
1.259392874,35749294,True
1.259392876,35749299,True
1.259392927,35749314,True
1.259392928,35749304,True
1.259393005,35749309,True
1.259393089,35749546,True
1.259393579,35750016,True
1.259394498,35750054,True
1.259394630,35750064,True
1.259394631,35750059,True
1.259394632,35750074,True
1.259394687,35750069,True
1.259394697,35750084,True
1.259394768,35750079,True
1.259395277,35750195,False
1.259395278,35750208,False
1.259395279,35750193,False
1.259395283,35750207,False
1.259395285,35750194,False
1.259395945,35750256,False
1.259395946,35750279,False
1.259395961,35750319,True
1.259396440,35750277,False
1.259396441,35750272,False
1.259398935,35750044,False
1.259398942,35750171,False
1.259398946,35750091,False
1.259398962,35750122,False
1.259398969,35750118,False
1.259398977,35750115,False
1.259398979,35750092,False
1.259398980,35750106,False
1.259400099,35751157,False
1.259400100,35751134,False
1.259400101,35751101,False
1.259400102,35751116,False
1.259401690,35751355,True
1.259401773,35751390,True
1.259402527,35751473,True
1.259402733,35751498,True
1.259402861,35751504,True
1.259402897,35751509,True
1.259402936,35751516,True
1.259402995,35751523,True
1.259403273,35751234,False
1.259403275,35751235,False
1.259403278,35751237,False
1.259403280,35751423,False
1.259403283,35751425,False
1.259403285,35751427,False
1.259403297,35751454,False
1.259403298,35751455,False
1.259403299,35751459,False
1.259403300,35751461,False
1.259403305,35751833,True
1.259403433,35750146,False
1.259403434,35750274,False
1.259403435,35750293,False
1.259403436,35750297,False
1.259403437,35750298,False
1.259403438,35750396,False
1.259403439,35750440,False
1.259404006,35751864,True
1.259404134,35751871,True
1.259404403,35751890,True
1.259404405,35751895,True
1.259404491,35751900,True
1.259404723,35751919,True
1.259404855,35751941,True
1.259404871,35751946,True
1.259404933,35751951,True
1.259404979,35751956,True
1.259405024,35751961,True
1.259405775,35752112,True
1.259405847,35752118,True
1.259405899,35752125,True
1.259406273,35752148,True
1.259406401,35752153,True
1.259406405,35752158,True
1.259406622,35752172,True
1.259406694,35752189,True
1.259406786,35752195,True
1.259406957,35752211,True
1.259407085,35752217,True
1.259407125,35752222,True
1.259407210,35752273,True
1.259407289,35752291,True
1.259407328,35752296,True
1.259407372,35752301,True
1.259408285,35752370,True
1.259408286,35752375,True
1.259408377,35752390,True
1.259408425,35752395,True
1.259408796,35752440,True
1.259408850,35752584,True
1.259408887,35752590,True
1.259409396,35752760,True
1.259409720,35752812,True
1.259410070,35752830,True
1.259410600,35752857,True
1.259411147,35752874,True
1.259411370,35752890,True
1.259411440,35752906,True
1.259411609,35752935,True
1.259411747,35752954,True
1.259411801,35753001,True
1.259411803,35753006,True
1.259412352,35753047,True
1.259412517,35753061,True
1.259413000,35753077,True
1.259413223,35753093,True
1.259413530,35753122,True
1.259414027,35753145,True
1.259414160,35753151,True
1.259414203,35753156,True
1.259414246,35753162,True
1.259416227,35753243,True
1.259416261,35753248,True
1.259416511,35753275,True
1.259416599,35753288,True
1.259416734,35753307,True
1.259419892,35753438,True
1.259419949,35753468,True
1.259423626,35752847,False
1.259423627,35752923,False
1.259423628,35752836,False
1.259423629,35752914,False
1.259423630,35752919,False
1.259423670,35752844,False
1.259423671,35752898,False
1.259423672,35752922,False
1.259423733,35752921,False
1.259423736,35752920,False
1.259423847,35752843,False
1.259424229,35753555,False
1.259424230,35753610,False
1.259424231,35753556,False
1.259424232,35753644,False
1.259424242,35753604,False
1.259424524,35753548,False
1.259424525,35753768,False
1.259424526,35753769,False
1.259424527,35753607,False
1.259424576,35753510,False
1.259424577,35753783,False
1.259424578,35753784,False
1.259424579,35753781,False
1.259424580,35753782,False
1.259424581,35753780,False
1.259433203,35753509,False
1.259434374,35754660,False
1.259434485,35754647,False
1.259434486,35754643,False
1.259434487,35754645,False
1.259434488,35754642,False
1.259434489,35754640,False
1.259434492,35754644,False
1.259434495,35754646,False
1.259436001,35754732,True
1.259436162,35755146,True
1.259437255,35755227,True
1.259437256,35755232,True
1.259437439,35755265,True
1.259437572,35755286,True
1.259437723,35755305,True
1.259437757,35755310,True
1.259437859,35755319,True
1.259438003,35755341,True
1.259438046,35755353,True
1.259438178,35755366,True
1.259438180,35755380,True
1.259438232,35755373,True
1.259438389,35755405,True
1.259438436,35755422,True
1.259438493,35755451,True
1.259438494,35755444,True
1.259438774,35755459,True
1.259439676,35755505,True
1.259439690,35755513,True
1.259440010,35755523,True
1.259440053,35755528,True
1.259440461,35755549,True
1.259441701,35755710,True
1.259442000,35755730,True
1.259442383,35755752,True
1.259442917,35755785,True
1.259442918,35755771,True
1.259442919,35755778,True
1.259442977,35755792,True
1.259442978,35755802,True
1.259443059,35755797,True
1.259443506,35755812,True
1.259443646,35755950,True
1.259444365,35756203,True
1.259444503,35756277,True
1.259444546,35756287,True
1.259444682,35756310,True
1.259444743,35756317,True
1.259444796,35756333,True
1.259444797,35756340,True
1.259444908,35756356,True
1.259445165,35756410,True
1.259445257,35756422,True
1.259445385,35756427,True
1.259446587,35756508,True
1.259447142,35756532,True
1.259447603,35756547,True
1.259448647,35756581,True
1.259448690,35756997,True
1.259448769,35757117,True
1.259448814,35757141,True
1.259449220,35757227,True
1.259449263,35756266,False
1.259449264,35756530,False
1.259449265,35755707,False
1.259449266,35755706,False
1.259449267,35756488,False
1.259449268,35755519,False
1.259449270,35755520,False
1.259449271,35756285,False
1.259449281,35757154,False
1.259449282,35757183,False
1.259449283,35756573,False
1.259449284,35756438,False
1.259449285,35756448,False
1.259449621,35757272,False
1.259450680,35757422,False
1.259450682,35757426,False
1.259450683,35757427,False
1.259450684,35757428,False
1.259450685,35757429,False
1.259450686,35757389,False
1.259452503,35757526,False
1.259453552,35757629,False
1.259454060,35757687,False
1.259454842,35758278,False
1.259454843,35758277,False
1.259454845,35758252,False
1.259454847,35758259,False
1.259454849,35758258,False
1.259454850,35758251,False
1.259458211,35758492,False
1.259458217,35758493,False
1.259463034,35758794,True
1.259464120,35758939,True
1.259464517,35758688,False
1.259464941,35759218,True
1.259465071,35759233,True
1.259466498,35759261,False
1.259466611,35759256,False
1.259468100,35759324,True
1.259468680,35759356,True
1.259470962,35759645,True
1.259471113,35759364,False
1.259471756,35759668,True
1.259471908,35759697,True
1.259471914,35759702,True
1.259472167,35759982,True
1.259472212,35760038,True
1.259472342,35760054,True
1.259472393,35760071,True
1.259472438,35760086,True
1.259473224,35760143,True
1.259473498,35760157,True
1.259473780,35760029,False
1.259473781,35760030,False
1.259473782,35760031,False
1.259473783,35760032,False
1.259473787,35760175,False
1.259473788,35760188,False
1.259474890,35760334,True
1.259475001,35760315,False
1.259475112,35760298,False
1.259476377,35760583,True
1.259476624,35760608,True
1.259477913,35760367,False
1.259477914,35760432,False
1.259477915,35760622,False
1.259477920,35760517,False
1.259481752,35761169,False
1.259481776,35761168,False
1.259482137,35761238,False
1.259482138,35761233,False
1.259487542,35761645,True
1.259487543,35761630,True
1.259487544,35761637,True
1.259487789,35761686,True
1.259487790,35761664,True
1.259487931,35761650,True
1.259488191,35761669,True
1.259488193,35761657,True
1.259488755,35761676,True
1.259488756,35761755,True
1.259488788,35761681,True
1.259489252,35761705,True
1.259489443,35761793,True
1.259489467,35761691,True
1.259489859,35761712,True
1.259490024,35761847,True
1.259490230,35761698,True
1.259490445,35761722,True
1.259490560,35761854,True
1.259490644,35761717,True
1.259490971,35761729,True
1.259491158,35761859,True
1.259491333,35761750,True
1.259491510,35761736,True
1.259491623,35761864,True
1.259491907,35761781,True
1.259492051,35761760,True
1.259492378,35761869,True
1.259492505,35761798,True
1.259492720,35761767,True
1.259492997,35761889,True
1.259493139,35761805,True
1.259493178,35761774,True
1.259493517,35761906,True
1.259493607,35761826,True
1.259493732,35761786,True
1.259494059,35761913,True
1.259494418,35761812,True
1.259494625,35761925,True
1.259494663,35761874,True
1.259495030,35761819,True
1.259495272,35761932,True
1.259495577,35761879,True
1.259495744,35761833,True
1.259495949,35761958,True
1.259496076,35761894,True
1.259496421,35761884,True
1.259496574,35761972,True
1.259496743,35761918,True
1.259496790,35761901,True
1.259497200,35761977,True
1.259497419,35761939,True
1.259497763,35761984,True
1.259497982,35761965,True
1.259498289,35761946,True
1.259498438,35761991,True
1.259498614,35762003,True
1.259498669,35761996,True
1.259498693,35762034,True
1.259499117,35762010,True
1.259499320,35762015,True
1.259499543,35762044,True
1.259499721,35762027,True
1.259499923,35762020,True
1.259500123,35762039,True
1.259500124,35762054,True
1.259500416,35762049,True
1.259500572,35762080,True
1.259500728,35762073,True
1.259500775,35762061,True
1.259500928,35762114,True
1.259501263,35762085,True
1.259501431,35762066,True
1.259501624,35762131,True
1.259501785,35762090,True
1.259501923,35762107,True
1.259502313,35762150,True
1.259502357,35762095,True
1.259502655,35762119,True
1.259502681,35762167,True
1.259502969,35762100,True
1.259503038,35762136,True
1.259503332,35762184,True
1.259503503,35762126,True
1.259503641,35762157,True
1.259503835,35762189,True
1.259504076,35762143,True
1.259504081,35762162,True
1.259504385,35762199,True
1.259504578,35762179,True
1.259504731,35762174,True
1.259504897,35762225,True
1.259505033,35762194,True
1.259505225,35762206,True
1.259505389,35762237,True
1.259505633,35762232,True
1.259505701,35762213,True
1.259505813,35762242,True
1.259506096,35762247,True
1.259506243,35762220,True
1.259506317,35762266,True
1.259506569,35762259,True
1.259506656,35762252,True
1.259506950,35762273,True
1.259507096,35762278,True
1.259507107,35762288,True
1.259507348,35762317,True
1.259507491,35762283,True
1.259507530,35762303,True
1.259507645,35762334,True
1.259507996,35762293,True
1.259508147,35762322,True
1.259508410,35762348,True
1.259508627,35762298,True
1.259508647,35762327,True
1.259508709,35762372,True
1.259509046,35762310,True
1.259509251,35762355,True
1.259509290,35762382,True
1.259509588,35762341,True
1.259509633,35762387,True
1.259509797,35762362,True
1.259510082,35762394,True
1.259510129,35762367,True
1.259510366,35762377,True
1.259518689,35762982,True
1.259521602,35763242,True
1.259521757,35763273,True
1.259522098,35763611,True
1.259522728,35763636,True
1.259524159,35763753,True
1.259524293,35763780,True
1.259524300,35763774,True
1.259524468,35763806,True
1.259524580,35763901,True
1.259525168,35764536,False
1.259526070,35764685,True
1.259526186,35764653,False
1.259526187,35764656,False
1.259526436,35760334,True
1.259527043,35764765,True
1.259529879,35765044,False
1.259529881,35765048,False
1.259533170,35765153,False
1.259533171,35765123,False
1.259533172,35765122,False
1.259534131,35765619,False
1.259546540,35767248,True
1.259546541,35767253,True
1.259546542,35767263,True
1.259546587,35767258,True
1.259546588,35767283,True
1.259546594,35767268,True
1.259546672,35767273,True
1.259546673,35767288,True
1.259546679,35767293,True
1.259546758,35767298,True
1.259546759,35767278,True
1.259546765,35767303,True
1.259546927,35767325,True
1.259547092,35767330,True
1.259547159,35767319,True
1.259547257,35767357,True
1.259547260,35767367,True
1.259547263,35767372,True
1.259547288,35767362,True
1.259547328,35767377,True
1.259547373,35767382,True
1.259547405,35767402,True
1.259547410,35767387,True
1.259547482,35767407,True
1.259547539,35767392,True
1.259547615,35767397,True
1.259547747,35767417,True
1.259547750,35767422,True
1.259547799,35767427,True
1.259547898,35767449,True
1.259547899,35767434,True
1.259547900,35767444,True
1.259547935,35767439,True
1.259547959,35767464,True
1.259547970,35767459,True
1.259548022,35767454,True
1.259548045,35767469,True
1.259548055,35767485,True
1.259548110,35767474,True
1.259548130,35767479,True
1.259548136,35767495,True
1.259548196,35767510,True
1.259548211,35767490,True
1.259548222,35767505,True
1.259548280,35767515,True
1.259548303,35767500,True
1.259548359,35767520,True
1.259548379,35767525,True
1.259548455,35767530,True
1.259549020,35767558,True
1.259549479,35765980,False
1.259549700,35767416,False
1.259551505,35767657,False
1.259551730,35767778,True
1.259551731,35767773,True
1.259551732,35767783,True
1.259551784,35767788,True
1.259551790,35767798,True
1.259551791,35767793,True
1.259551869,35767803,True
1.259551875,35767813,True
1.259551876,35767818,True
1.259551954,35767808,True
1.259552162,35767826,True
1.259552171,35767831,True
1.259552173,35767856,True
1.259552207,35767836,True
1.259552213,35767851,True
1.259552245,35767861,True
1.259552295,35767841,True
1.259552301,35767871,True
1.259552333,35767866,True
1.259552380,35767846,True
1.259552765,35767889,True
1.259552856,35767920,True
1.259552857,35767925,True
1.259552906,35767930,True
1.259553244,35767962,True
1.259553260,35767973,True
1.259553288,35767983,True
1.259553308,35767968,True
1.259553317,35767978,True
1.259553372,35767998,True
1.259553393,35767988,True
1.259553404,35767993,True
1.259553455,35768003,True
1.259553487,35768014,True
1.259553536,35768009,True
1.259553890,35768073,True
1.259553967,35768094,True
1.259554002,35768063,True
1.259554025,35768104,True
1.259554052,35768130,True
1.259554089,35768068,True
1.259554112,35768109,True
1.259554168,35768078,True
1.259554193,35768114,True
1.259554252,35768099,True
1.259554330,35768119,True
1.259554406,35768124,True
1.259554480,35768135,True
1.259554638,35768149,True
1.259554639,35768154,True
1.259554642,35768159,True
1.259554674,35768169,True
1.259554680,35768164,True
1.259554691,35768179,True
1.259554759,35768174,True
1.259554764,35768184,True
1.259554776,35768189,True
1.259554845,35768194,True
1.259554850,35768199,True
1.259555196,35768213,True
1.259561307,35768975,True
1.259562708,35769115,True
1.259563339,35769179,True
1.259563340,35769169,True
1.259563385,35769174,True
1.259563392,35769184,True
1.259564148,35769251,True
1.259564193,35769267,True
1.259564221,35769272,True
1.259564393,35769684,True
1.259564396,35769689,True
1.259564484,35768275,False
1.259564487,35769750,True
1.259565354,35769840,True
1.259565355,35769835,True
1.259565415,35769845,True
1.259565503,35769912,True
1.259565726,35770389,True
1.259565991,35770403,True
1.259566001,35770413,True
1.259566032,35770408,True
1.259566966,35770500,True
1.259567671,35770754,True
1.259568155,35770950,True
1.259568198,35770956,True
1.259569628,35771046,True
1.259569629,35771051,True
1.259569724,35771071,True
1.259571771,35771160,True
1.259571847,35771173,True
1.259572094,35771193,True
1.259572578,35771236,True
1.259573787,35771318,True
1.259575262,35771401,False
1.259575351,35771439,False
1.259575352,35771437,False
1.259575356,35771475,False
1.259575357,35771505,False
1.259579263,35772235,True
1.259585088,35772430,True
1.259585089,35772435,True
1.259585094,35772445,True
1.259585147,35772440,True
1.259585226,35772450,True
1.259585298,35772455,True
1.259586694,35772544,True
1.259586898,35772556,True
1.259586899,35772561,True
1.259586901,35772571,True
1.259586939,35772576,True
1.259586944,35772566,True
1.259587021,35772586,True
1.259587027,35772581,True
1.259587623,35772643,True
1.259587624,35772628,True
1.259587627,35772653,True
1.259587658,35772633,True
1.259587736,35772638,True
1.259587815,35772648,True
1.259587877,35772658,True
1.259596976,35773824,True
1.259597026,35773829,True
1.259597093,35773834,True
1.259598220,35773681,False
1.259598221,35773844,False
1.259598222,35773706,False
1.259598223,35773753,False
1.259598440,35773712,False
1.259598441,35773707,False
1.259598442,35773903,False
1.259598445,35773885,False
1.259598447,35773904,False
1.259598450,35773751,False
1.259598669,35773754,False
1.259598670,35773749,False
1.259599570,35774003,True
1.259599573,35774008,True
1.259599580,35774023,True
1.259599622,35774018,True
1.259599627,35774013,True
1.259599889,35773933,False
1.259600583,35774164,False
1.259600584,35774122,False
1.259600587,35774203,False
1.259600597,35774235,False
1.259600598,35774231,False
1.259600600,35774234,False
1.259600602,35774233,False
1.259600997,35774250,False
1.259601021,35774259,False
1.259601022,35774260,False
1.259601228,35774284,False
1.259601275,35774309,False
1.259601323,35774308,False
1.259601324,35774288,False
1.259601371,35774307,False
1.259601372,35774278,False
1.259602002,35774675,False
1.259602003,35774652,False
1.259602335,35774701,False
1.259602537,35774700,False
1.259602668,35774703,False
1.259605083,35774853,False
